,log_posterior,log_posterior,chain_rank,w_nc,trial
,mean,count,,,
expression,,,,,
"['No-norm', 'true']",-549.9992915145915,8628,1.0,0.0,1.0
"['Norms', ['Obl', ['Moved', ['Colour', 'r'], ['Shape', 'any'], ['Zone', '1'], ['Next-Move', ['Colour', 'any'], ['Shape', 'any']]], ['Zone', '2']], ['Per', ['Action', 'putdown'], ['Colour', 'any'], ['Shape', 'square'], ['PerZone', '3']]]",-536.2134778389094,5812,2.0,0.0,1.0
"['Norms', ['Obl', ['Moved', ['Colour', 'any'], ['Shape', 'circle'], ['Zone', '1'], ['Next-Move', ['Colour', 'any'], ['Shape', 'any']]], ['Zone', '2']], ['Per', ['Action', 'putdown'], ['Colour', 'any'], ['Shape', 'square'], ['PerZone', '3']]]",-536.213477838912,5695,3.0,0.0,1.0
"['Norm', ['Obl', ['Moved', ['Colour', 'r'], ['Shape', 'any'], ['Zone', '1'], ['Next-Move', ['Colour', 'any'], ['Shape', 'circle']]], ['Zone', '2']]]",-549.070578262747,2371,4.0,0.0,1.0
"['Norms', ['Obl', ['Moved', ['Colour', 'r'], ['Shape', 'circle'], ['Zone', '1'], ['Next-Move', ['Colour', 'any'], ['Shape', 'any']]], ['Zone', '2']], ['Per', ['Action', 'putdown'], ['Colour', 'any'], ['Shape', 'square'], ['PerZone', '3']]]",-537.3120901276027,2105,5.0,0.0,1.0
"['No-norm', 'true']",-549.999291514548,7754,1.0,0.0,2.0
"['Norm', ['Obl', ['Moved', ['Colour', 'any'], ['Shape', 'circle'], ['Zone', '1'], ['Next-Move', ['Colour', 'any'], ['Shape', 'triangle']]], ['Zone', '2']]]",-545.7747413967666,6058,2.0,0.0,2.0
"['Norm', ['Obl', ['Moved', ['Colour', 'r'], ['Shape', 'any'], ['Zone', '1'], ['Next-Move', ['Colour', 'any'], ['Shape', 'triangle']]], ['Zone', '2']]]",-545.7747413967652,5101,3.0,0.0,2.0
"['Norms', ['Obl', ['Moved', ['Colour', 'any'], ['Shape', 'circle'], ['Zone', '1'], ['Next-Move', ['Colour', 'any'], ['Shape', 'any']]], ['Zone', '2']], ['Per', ['Action', 'putdown'], ['Colour', 'any'], ['Shape', 'square'], ['PerZone', '3']]]",-527.9478276733366,3381,4.0,0.0,2.0
"['Norms', ['Obl', ['Moved', ['Colour', 'r'], ['Shape', 'any'], ['Zone', '1'], ['Next-Move', ['Colour', 'any'], ['Shape', 'any']]], ['Zone', '2']], ['Per', ['Action', 'putdown'], ['Colour', 'any'], ['Shape', 'square'], ['PerZone', '3']]]",-527.9478276733657,2174,5.0,0.0,2.0
"['No-norm', 'true']",-549.9992915147174,12800,1.0,0.0,3.0
"['Norms', ['Obl', ['Moved', ['Colour', 'r'], ['Shape', 'any'], ['Zone', '1'], ['Next-Move', ['Colour', 'any'], ['Shape', 'any']]], ['Zone', '2']], ['Per', ['Action', 'putdown'], ['Colour', 'any'], ['Shape', 'square'], ['PerZone', '3']]]",-528.4710758170431,7221,2.0,0.0,3.0
"['Norms', ['Obl', ['Moved', ['Colour', 'any'], ['Shape', 'circle'], ['Zone', '1'], ['Next-Move', ['Colour', 'any'], ['Shape', 'any']]], ['Zone', '2']], ['Per', ['Action', 'putdown'], ['Colour', 'any'], ['Shape', 'square'], ['PerZone', '3']]]",-528.4710758170487,6153,3.0,0.0,3.0
"['Norms', ['Obl', ['Moved', ['Colour', 'r'], ['Shape', 'circle'], ['Zone', '1'], ['Next-Move', ['Colour', 'any'], ['Shape', 'any']]], ['Zone', '2']], ['Per', ['Action', 'putdown'], ['Colour', 'any'], ['Shape', 'square'], ['PerZone', '3']]]",-529.5696881058105,1909,4.0,0.0,3.0
"['Norm', ['Obl', ['Moved', ['Colour', 'any'], ['Shape', 'circle'], ['Zone', '1'], ['Next-Move', ['Colour', 'any'], ['Shape', 'circle']]], ['Zone', '2']]]",-545.7747413967458,1603,5.0,0.0,3.0
"['Norms', ['Obl', ['Moved', ['Colour', 'any'], ['Shape', 'circle'], ['Zone', '1'], ['Next-Move', ['Colour', 'any'], ['Shape', 'any']]], ['Zone', '2']], ['Per', ['Action', 'putdown'], ['Colour', 'any'], ['Shape', 'square'], ['PerZone', '3']]]",-533.0215989820144,8735,1.0,0.05,1.0
"['Norms', ['Obl', ['Moved', ['Colour', 'r'], ['Shape', 'any'], ['Zone', '1'], ['Next-Move', ['Colour', 'any'], ['Shape', 'any']]], ['Zone', '2']], ['Per', ['Action', 'putdown'], ['Colour', 'any'], ['Shape', 'square'], ['PerZone', '3']]]",-533.0215989820357,6971,2.0,0.05,1.0
"['No-norm', 'true']",-549.9992915145451,6635,3.0,0.05,1.0
"['Norm', ['Obl', ['Moved', ['Colour', 'any'], ['Shape', 'circle'], ['Zone', '1'], ['Next-Move', ['Colour', 'any'], ['Shape', 'triangle']]], ['Zone', '2']]]",-543.8876401571127,5031,4.0,0.05,1.0
"['Norm', ['Obl', ['Moved', ['Colour', 'r'], ['Shape', 'any'], ['Zone', '1'], ['Next-Move', ['Colour', 'any'], ['Shape', 'triangle']]], ['Zone', '2']]]",-543.8876401570817,4095,5.0,0.05,1.0
"['No-norm', 'true']",-549.999291514736,13787,1.0,0.05,2.0
"['Norms', ['Obl', ['Moved', ['Colour', 'r'], ['Shape', 'any'], ['Zone', '1'], ['Next-Move', ['Colour', 'any'], ['Shape', 'any']]], ['Zone', '2']], ['Per', ['Action', 'putdown'], ['Colour', 'any'], ['Shape', 'square'], ['PerZone', '3']]]",-533.5461239715917,8128,2.0,0.05,2.0
"['Norms', ['Obl', ['Moved', ['Colour', 'any'], ['Shape', 'circle'], ['Zone', '1'], ['Next-Move', ['Colour', 'any'], ['Shape', 'any']]], ['Zone', '2']], ['Per', ['Action', 'putdown'], ['Colour', 'any'], ['Shape', 'square'], ['PerZone', '3']]]",-533.5461239715908,6893,3.0,0.05,2.0
"['Norms', ['Obl', ['Moved', ['Colour', 'r'], ['Shape', 'circle'], ['Zone', '1'], ['Next-Move', ['Colour', 'any'], ['Shape', 'any']]], ['Zone', '2']], ['Per', ['Action', 'putdown'], ['Colour', 'any'], ['Shape', 'square'], ['PerZone', '3']]]",-534.6447362601936,2456,4.0,0.05,2.0
"['Norms', ['Obl', ['Moved', ['Colour', 'any'], ['Shape', 'circle'], ['Zone', '1'], ['Next-Move', ['Colour', 'any'], ['Shape', 'any']]], ['Zone', '3']], ['Per', ['Action', 'putdown'], ['Colour', 'any'], ['Shape', 'any'], ['PerZone', '2']]]",-545.2939874062918,1389,5.0,0.05,2.0
"['No-norm', 'true']",-549.9992915146325,9654,1.0,0.05,3.0
"['Norms', ['Obl', ['Moved', ['Colour', 'any'], ['Shape', 'circle'], ['Zone', '1'], ['Next-Move', ['Colour', 'any'], ['Shape', 'any']]], ['Zone', '2']], ['Per', ['Action', 'putdown'], ['Colour', 'any'], ['Shape', 'square'], ['PerZone', '3']]]",-535.9791784483108,8416,2.0,0.05,3.0
"['Norms', ['Obl', ['Moved', ['Colour', 'r'], ['Shape', 'any'], ['Zone', '1'], ['Next-Move', ['Colour', 'any'], ['Shape', 'any']]], ['Zone', '2']], ['Per', ['Action', 'putdown'], ['Colour', 'any'], ['Shape', 'square'], ['PerZone', '3']]]",-535.9791784483353,6801,3.0,0.05,3.0
"['Norm', ['Obl', ['Moved', ['Colour', 'any'], ['Shape', 'circle'], ['Zone', '1'], ['Next-Move', ['Colour', 'any'], ['Shape', 'triangle']]], ['Zone', '2']]]",-545.1507508315208,3186,4.0,0.05,3.0
"['Norms', ['Obl', ['Moved', ['Colour', 'r'], ['Shape', 'circle'], ['Zone', '1'], ['Next-Move', ['Colour', 'any'], ['Shape', 'any']]], ['Zone', '2']], ['Per', ['Action', 'putdown'], ['Colour', 'any'], ['Shape', 'square'], ['PerZone', '3']]]",-537.0777907370774,2428,5.0,0.05,3.0
"['No-norm', 'true']",-549.9992915145752,8280,1.0,0.1,1.0
"['Norms', ['Obl', ['Moved', ['Colour', 'r'], ['Shape', 'any'], ['Zone', '1'], ['Next-Move', ['Colour', 'any'], ['Shape', 'any']]], ['Zone', '2']], ['Per', ['Action', 'putdown'], ['Colour', 'any'], ['Shape', 'square'], ['PerZone', '3']]]",-538.8904258720576,7066,2.0,0.1,1.0
"['Norm', ['Obl', ['Moved', ['Colour', 'r'], ['Shape', 'any'], ['Zone', '1'], ['Next-Move', ['Colour', 'any'], ['Shape', 'triangle']]], ['Zone', '2']]]",-547.9446144019026,5869,3.0,0.1,1.0
"['Norms', ['Obl', ['Moved', ['Colour', 'any'], ['Shape', 'circle'], ['Zone', '1'], ['Next-Move', ['Colour', 'any'], ['Shape', 'any']]], ['Zone', '2']], ['Per', ['Action', 'putdown'], ['Colour', 'any'], ['Shape', 'square'], ['PerZone', '3']]]",-538.8904258720574,4962,4.0,0.1,1.0
"['Norm', ['Obl', ['Moved', ['Colour', 'any'], ['Shape', 'circle'], ['Zone', '1'], ['Next-Move', ['Colour', 'any'], ['Shape', 'triangle']]], ['Zone', '2']]]",-547.9446144018724,4653,5.0,0.1,1.0
"['Norms', ['Obl', ['Moved', ['Colour', 'r'], ['Shape', 'any'], ['Zone', '1'], ['Next-Move', ['Colour', 'any'], ['Shape', 'any']]], ['Zone', '2']], ['Per', ['Action', 'putdown'], ['Colour', 'any'], ['Shape', 'square'], ['PerZone', '3']]]",-529.5812212354447,7730,1.0,0.1,2.0
"['Norms', ['Obl', ['Moved', ['Colour', 'any'], ['Shape', 'circle'], ['Zone', '1'], ['Next-Move', ['Colour', 'any'], ['Shape', 'any']]], ['Zone', '2']], ['Per', ['Action', 'putdown'], ['Colour', 'any'], ['Shape', 'square'], ['PerZone', '3']]]",-529.5812212354442,7171,2.0,0.1,2.0
"['No-norm', 'true']",-549.9992915145455,6562,3.0,0.1,2.0
"['Norm', ['Obl', ['Moved', ['Colour', 'r'], ['Shape', 'any'], ['Zone', '1'], ['Next-Move', ['Colour', 'any'], ['Shape', 'triangle']]], ['Zone', '2']]]",-545.642029308884,4273,4.0,0.1,2.0
"['Norm', ['Obl', ['Moved', ['Colour', 'any'], ['Shape', 'circle'], ['Zone', '1'], ['Next-Move', ['Colour', 'any'], ['Shape', 'triangle']]], ['Zone', '2']]]",-545.642029308901,3888,5.0,0.1,2.0
"['No-norm', 'true']",-549.9992915145623,8022,1.0,0.1,3.0
"['Norms', ['Obl', ['Moved', ['Colour', 'any'], ['Shape', 'circle'], ['Zone', '1'], ['Next-Move', ['Colour', 'any'], ['Shape', 'any']]], ['Zone', '2']], ['Per', ['Action', 'putdown'], ['Colour', 'any'], ['Shape', 'square'], ['PerZone', '3']]]",-530.3369205215947,7427,2.0,0.1,3.0
"['Norms', ['Obl', ['Moved', ['Colour', 'r'], ['Shape', 'any'], ['Zone', '1'], ['Next-Move', ['Colour', 'any'], ['Shape', 'any']]], ['Zone', '2']], ['Per', ['Action', 'putdown'], ['Colour', 'any'], ['Shape', 'square'], ['PerZone', '3']]]",-530.3369205215934,7315,3.0,0.1,3.0
"['Norm', ['Obl', ['Moved', ['Colour', 'r'], ['Shape', 'any'], ['Zone', '1'], ['Next-Move', ['Colour', 'any'], ['Shape', 'circle']]], ['Zone', '2']]]",-541.7668978988014,2675,4.0,0.1,3.0
"['Norm', ['Obl', ['Moved', ['Colour', 'any'], ['Shape', 'circle'], ['Zone', '1'], ['Next-Move', ['Colour', 'any'], ['Shape', 'circle']]], ['Zone', '2']]]",-541.7668978988011,2662,5.0,0.1,3.0
"['Norms', ['Obl', ['Moved', ['Colour', 'r'], ['Shape', 'any'], ['Zone', '1'], ['Next-Move', ['Colour', 'any'], ['Shape', 'any']]], ['Zone', '2']], ['Per', ['Action', 'putdown'], ['Colour', 'any'], ['Shape', 'square'], ['PerZone', '3']]]",-539.8468253826724,7582,1.0,0.15,1.0
"['No-norm', 'true']",-549.9992915145447,6711,2.0,0.15,1.0
"['Norms', ['Obl', ['Moved', ['Colour', 'any'], ['Shape', 'circle'], ['Zone', '1'], ['Next-Move', ['Colour', 'any'], ['Shape', 'any']]], ['Zone', '2']], ['Per', ['Action', 'putdown'], ['Colour', 'any'], ['Shape', 'square'], ['PerZone', '3']]]",-539.8468253826724,6211,3.0,0.15,1.0
"['Norm', ['Obl', ['Moved', ['Colour', 'any'], ['Shape', 'circle'], ['Zone', '1'], ['Next-Move', ['Colour', 'r'], ['Shape', 'any']]], ['Zone', '2']]]",-547.0550445391101,3175,4.0,0.15,1.0
"['Norm', ['Obl', ['Moved', ['Colour', 'any'], ['Shape', 'circle'], ['Zone', '1'], ['Next-Move', ['Colour', 'any'], ['Shape', 'circle']]], ['Zone', '2']]]",-547.0550445391102,3171,5.0,0.15,1.0
"['Norm', ['Obl', ['Moved', ['Colour', 'r'], ['Shape', 'any'], ['Zone', '1'], ['Next-Move', ['Colour', 'any'], ['Shape', 'triangle']]], ['Zone', '2']]]",-545.1579245543061,9733,1.0,0.15,2.0
"['Norm', ['Obl', ['Moved', ['Colour', 'any'], ['Shape', 'circle'], ['Zone', '1'], ['Next-Move', ['Colour', 'any'], ['Shape', 'triangle']]], ['Zone', '2']]]",-545.157924554305,8070,2.0,0.15,2.0
"['No-norm', 'true']",-549.9992915145581,7942,3.0,0.15,2.0
"['Norm', ['Obl', ['Moved', ['Colour', 'r'], ['Shape', 'any'], ['Zone', '1'], ['Next-Move', ['Colour', 'b'], ['Shape', 'triangle']]], ['Zone', '2']]]",-546.2565368429714,3564,4.0,0.15,2.0
"['Norm', ['Obl', ['Moved', ['Colour', 'any'], ['Shape', 'circle'], ['Zone', '1'], ['Next-Move', ['Colour', 'b'], ['Shape', 'triangle']]], ['Zone', '2']]]",-546.2565368429566,2764,5.0,0.15,2.0
"['Norm', ['Obl', ['Moved', ['Colour', 'any'], ['Shape', 'circle'], ['Zone', '1'], ['Next-Move', ['Colour', 'any'], ['Shape', 'any']]], ['Zone', '2']]]",-538.2427445361382,12508,1.0,0.15,3.0
"['Norm', ['Obl', ['Moved', ['Colour', 'r'], ['Shape', 'any'], ['Zone', '1'], ['Next-Move', ['Colour', 'any'], ['Shape', 'any']]], ['Zone', '2']]]",-538.2427445361378,9223,2.0,0.15,3.0
"['Norms', ['Obl', ['Moved', ['Colour', 'any'], ['Shape', 'circle'], ['Zone', '1'], ['Next-Move', ['Colour', 'any'], ['Shape', 'any']]], ['Zone', '2']], ['Per', ['Action', 'putdown'], ['Colour', 'any'], ['Shape', 'square'], ['PerZone', '3']]]",-530.2781128981169,6208,3.0,0.15,3.0
"['Norms', ['Obl', ['Moved', ['Colour', 'r'], ['Shape', 'any'], ['Zone', '1'], ['Next-Move', ['Colour', 'any'], ['Shape', 'any']]], ['Zone', '2']], ['Per', ['Action', 'putdown'], ['Colour', 'any'], ['Shape', 'square'], ['PerZone', '3']]]",-530.278112898117,5684,4.0,0.15,3.0
"['Norm', ['Obl', ['Moved', ['Colour', 'r'], ['Shape', 'circle'], ['Zone', '1'], ['Next-Move', ['Colour', 'any'], ['Shape', 'any']]], ['Zone', '2']]]",-539.3413568248025,3529,5.0,0.15,3.0
"['Norms', ['Obl', ['Moved', ['Colour', 'any'], ['Shape', 'circle'], ['Zone', '1'], ['Next-Move', ['Colour', 'any'], ['Shape', 'any']]], ['Zone', '2']], ['Per', ['Action', 'putdown'], ['Colour', 'any'], ['Shape', 'square'], ['PerZone', '3']]]",-536.1712256306996,10135,1.0,0.2,1.0
"['Norms', ['Obl', ['Moved', ['Colour', 'r'], ['Shape', 'any'], ['Zone', '1'], ['Next-Move', ['Colour', 'any'], ['Shape', 'any']]], ['Zone', '2']], ['Per', ['Action', 'putdown'], ['Colour', 'any'], ['Shape', 'square'], ['PerZone', '3']]]",-536.1712256307015,9308,2.0,0.2,1.0
"['No-norm', 'true']",-549.9992915146116,9103,3.0,0.2,1.0
"['Norms', ['Obl', ['Moved', ['Colour', 'r'], ['Shape', 'circle'], ['Zone', '1'], ['Next-Move', ['Colour', 'any'], ['Shape', 'any']]], ['Zone', '2']], ['Per', ['Action', 'putdown'], ['Colour', 'any'], ['Shape', 'square'], ['PerZone', '3']]]",-537.2698379194065,3353,4.0,0.2,1.0
"['Norm', ['Obl', ['Moved', ['Colour', 'any'], ['Shape', 'circle'], ['Zone', '1'], ['Next-Move', ['Colour', 'any'], ['Shape', 'triangle']]], ['Zone', '2']]]",-549.244490276531,2179,5.0,0.2,1.0
"['Norms', ['Obl', ['Moved', ['Colour', 'r'], ['Shape', 'any'], ['Zone', '1'], ['Next-Move', ['Colour', 'any'], ['Shape', 'any']]], ['Zone', '2']], ['Per', ['Action', 'putdown'], ['Colour', 'any'], ['Shape', 'square'], ['PerZone', '3']]]",-540.0003626187648,11043,1.0,0.2,2.0
"['Norms', ['Obl', ['Moved', ['Colour', 'any'], ['Shape', 'circle'], ['Zone', '1'], ['Next-Move', ['Colour', 'any'], ['Shape', 'any']]], ['Zone', '2']], ['Per', ['Action', 'putdown'], ['Colour', 'any'], ['Shape', 'square'], ['PerZone', '3']]]",-540.0003626187391,7786,2.0,0.2,2.0
"['Norm', ['Obl', ['Moved', ['Colour', 'r'], ['Shape', 'any'], ['Zone', '1'], ['Next-Move', ['Colour', 'any'], ['Shape', 'triangle']]], ['Zone', '2']]]",-545.7240294739747,3715,3.0,0.2,2.0
"['Norm', ['Obl', ['Moved', ['Colour', 'any'], ['Shape', 'any'], ['Zone', '1'], ['Next-Move', ['Colour', 'any'], ['Shape', 'triangle']]], ['Zone', '2']]]",-545.6316851425769,3592,4.0,0.2,2.0
"['No-norm', 'true']",-549.9992915145738,3546,5.0,0.2,2.0
"['Norm', ['Obl', ['Moved', ['Colour', 'r'], ['Shape', 'any'], ['Zone', '1'], ['Next-Move', ['Colour', 'any'], ['Shape', 'triangle']]], ['Zone', '2']]]",-547.6350523640427,4660,1.0,0.2,3.0
"['Norms', ['Obl', ['Moved', ['Colour', 'any'], ['Shape', 'circle'], ['Zone', '1'], ['Next-Move', ['Colour', 'any'], ['Shape', 'any']]], ['Zone', '2']], ['Per', ['Action', 'putdown'], ['Colour', 'any'], ['Shape', 'square'], ['PerZone', '3']]]",-538.5427915393252,4344,2.0,0.2,3.0
"['Norm', ['Obl', ['Moved', ['Colour', 'any'], ['Shape', 'any'], ['Zone', '1'], ['Next-Move', ['Colour', 'any'], ['Shape', 'triangle']]], ['Zone', '2']]]",-547.8950495223785,4124,3.0,0.2,3.0
"['Norm', ['Obl', ['Moved', ['Colour', 'any'], ['Shape', 'circle'], ['Zone', '1'], ['Next-Move', ['Colour', 'any'], ['Shape', 'triangle']]], ['Zone', '2']]]",-547.6350523640701,4071,4.0,0.2,3.0
"['No-norm', 'true']",-549.9992915145659,4062,5.0,0.2,3.0
"['Norm', ['Obl', ['Moved', ['Colour', 'any'], ['Shape', 'circle'], ['Zone', '1'], ['Next-Move', ['Colour', 'any'], ['Shape', 'triangle']]], ['Zone', '2']]]",-544.5034752341891,9877,1.0,0.25,1.0
"['No-norm', 'true']",-549.9992915146269,9498,2.0,0.25,1.0
"['Norm', ['Obl', ['Moved', ['Colour', 'r'], ['Shape', 'any'], ['Zone', '1'], ['Next-Move', ['Colour', 'any'], ['Shape', 'triangle']]], ['Zone', '2']]]",-544.5034752342563,7948,3.0,0.25,1.0
"['Norm', ['Obl', ['Moved', ['Colour', 'r'], ['Shape', 'circle'], ['Zone', '1'], ['Next-Move', ['Colour', 'any'], ['Shape', 'triangle']]], ['Zone', '2']]]",-545.602087522856,2993,4.0,0.25,1.0
"['Norm', ['Obl', ['Moved', ['Colour', 'any'], ['Shape', 'circle'], ['Zone', '1'], ['Next-Move', ['Colour', 'b'], ['Shape', 'triangle']]], ['Zone', '2']]]",-545.6020875228559,2779,5.0,0.25,1.0
"['Norm', ['Obl', ['Moved', ['Colour', 'any'], ['Shape', 'circle'], ['Zone', '1'], ['Next-Move', ['Colour', 'any'], ['Shape', 'any']]], ['Zone', '2']]]",-542.3804974760874,10432,1.0,0.25,2.0
"['Norm', ['Obl', ['Moved', ['Colour', 'r'], ['Shape', 'any'], ['Zone', '1'], ['Next-Move', ['Colour', 'any'], ['Shape', 'any']]], ['Zone', '2']]]",-542.3804974760875,9554,2.0,0.25,2.0
"['No-norm', 'true']",-549.999291514549,5932,3.0,0.25,2.0
"['Norm', ['Obl', ['Moved', ['Colour', 'r'], ['Shape', 'circle'], ['Zone', '1'], ['Next-Move', ['Colour', 'any'], ['Shape', 'any']]], ['Zone', '2']]]",-543.4791097647939,3065,4.0,0.25,2.0
"['Norms', ['Obl', ['Moved', ['Colour', 'r'], ['Shape', 'any'], ['Zone', '1'], ['Next-Move', ['Colour', 'any'], ['Shape', 'any']]], ['Zone', '2']], ['Per', ['Action', 'putdown'], ['Colour', 'b'], ['Shape', 'square'], ['PerZone', 'any']]]",-543.9741870315786,1236,5.0,0.25,2.0
"['No-norm', 'true']",-549.9992915148596,28209,1.0,0.25,3.0
"['Norm', ['Obl', ['Moved', ['Colour', 'any'], ['Shape', 'any'], ['Zone', '1'], ['Next-Move', ['Colour', 'any'], ['Shape', 'triangle']]], ['Zone', '2']]]",-556.304082771596,458,2.0,0.25,3.0
"['Norm', ['Obl', ['Moved', ['Colour', 'b'], ['Shape', 'any'], ['Zone', '1'], ['Next-Move', ['Colour', 'b'], ['Shape', 'any']]], ['Zone', '2']]]",-557.331545480415,188,3.0,0.25,3.0
"['Norms', ['Obl', ['Moved', ['Colour', 'any'], ['Shape', 'any'], ['Zone', '1'], ['Next-Move', ['Colour', 'any'], ['Shape', 'triangle']]], ['Zone', '1']], ['Per', ['Action', 'putdown'], ['Colour', 'any'], ['Shape', 'any'], ['PerZone', '2']]]",-558.221203059855,162,4.0,0.25,3.0
"['Norm', ['Obl', ['Moved', ['Colour', 'any'], ['Shape', 'triangle'], ['Zone', '1'], ['Next-Move', ['Colour', 'any'], ['Shape', 'square']]], ['Zone', '2']]]",-558.2478362122926,148,5.0,0.25,3.0
"['No-norm', 'true']",-549.9992915147735,32252,1.0,0.3,1.0
"['Norm', ['Obl', ['Moved', ['Colour', 'any'], ['Shape', 'circle'], ['Zone', '1'], ['Next-Move', ['Colour', 'any'], ['Shape', 'circle']]], ['Zone', '2']]]",-557.5403384009248,175,2.0,0.3,1.0
"['Norm', ['Obl', ['Moved', ['Colour', 'r'], ['Shape', 'any'], ['Zone', '1'], ['Next-Move', ['Colour', 'any'], ['Shape', 'circle']]], ['Zone', '2']]]",-557.5403384009248,175,2.0,0.3,1.0
"['Norm', ['Pro', ['Action', 'putdown'], ['Colour', 'r'], ['Shape', 'triangle'], ['Zone', '2']]]",-556.0677171028583,112,3.0,0.3,1.0
"['Norm', ['Pro', ['Action', 'putdown'], ['Colour', 'r'], ['Shape', 'square'], ['Zone', '1']]]",-556.0677171028583,101,4.0,0.3,1.0
"['No-norm', 'true']",-549.9992915145435,7676,1.0,0.3,2.0
"['Norms', ['Obl', ['Moved', ['Colour', 'r'], ['Shape', 'any'], ['Zone', '1'], ['Next-Move', ['Colour', 'any'], ['Shape', 'any']]], ['Zone', '2']], ['Per', ['Action', 'putdown'], ['Colour', 'any'], ['Shape', 'square'], ['PerZone', '3']]]",-547.7218371844831,7344,2.0,0.3,2.0
"['Norms', ['Obl', ['Moved', ['Colour', 'any'], ['Shape', 'circle'], ['Zone', '1'], ['Next-Move', ['Colour', 'any'], ['Shape', 'any']]], ['Zone', '2']], ['Per', ['Action', 'putdown'], ['Colour', 'any'], ['Shape', 'square'], ['PerZone', '3']]]",-547.7218371844931,6621,3.0,0.3,2.0
"['Norm', ['Obl', ['Moved', ['Colour', 'r'], ['Shape', 'any'], ['Zone', '1'], ['Next-Move', ['Colour', 'any'], ['Shape', 'circle']]], ['Zone', '2']]]",-551.9590219098411,2128,4.0,0.3,2.0
"['Norms', ['Obl', ['Moved', ['Colour', 'r'], ['Shape', 'circle'], ['Zone', '1'], ['Next-Move', ['Colour', 'any'], ['Shape', 'any']]], ['Zone', '2']], ['Per', ['Action', 'putdown'], ['Colour', 'any'], ['Shape', 'square'], ['PerZone', '3']]]",-548.8204494731914,2026,5.0,0.3,2.0
"['No-norm', 'true']",-549.9992915146679,10756,1.0,0.3,3.0
"['Norms', ['Obl', ['Moved', ['Colour', 'r'], ['Shape', 'any'], ['Zone', '1'], ['Next-Move', ['Colour', 'any'], ['Shape', 'any']]], ['Zone', '2']], ['Per', ['Action', 'putdown'], ['Colour', 'any'], ['Shape', 'square'], ['PerZone', '3']]]",-552.388070651814,2852,2.0,0.3,3.0
"['Norms', ['Obl', ['Moved', ['Colour', 'any'], ['Shape', 'circle'], ['Zone', '1'], ['Next-Move', ['Colour', 'any'], ['Shape', 'any']]], ['Zone', '2']], ['Per', ['Action', 'putdown'], ['Colour', 'any'], ['Shape', 'square'], ['PerZone', '3']]]",-552.388070651815,2694,3.0,0.3,3.0
"['Norms', ['Obl', ['Moved', ['Colour', 'r'], ['Shape', 'any'], ['Zone', '1'], ['Next-Move', ['Colour', 'any'], ['Shape', 'any']]], ['Zone', '2']], ['Per', ['Action', 'putdown'], ['Colour', 'b'], ['Shape', 'any'], ['PerZone', '3']]]",-552.5756842630633,2365,4.0,0.3,3.0
"['Norm', ['Obl', ['Moved', ['Colour', 'any'], ['Shape', 'circle'], ['Zone', '1'], ['Next-Move', ['Colour', 'any'], ['Shape', 'circle']]], ['Zone', '2']]]",-553.4914987811336,1645,5.0,0.3,3.0
"['Norm', ['Pro', ['Action', 'putdown'], ['Colour', 'g'], ['Shape', 'any'], ['Zone', '1']]]",-550.7900813811507,11736,1.0,0.35,1.0
"['Norm', ['Pro', ['Action', 'putdown'], ['Colour', 'g'], ['Shape', 'square'], ['Zone', '1']]]",-551.888693669871,3458,2.0,0.35,1.0
"['Norms', ['Obl', ['Moved', ['Colour', 'any'], ['Shape', 'circle'], ['Zone', '1'], ['Next-Move', ['Colour', 'any'], ['Shape', 'any']]], ['Zone', '3']], ['Per', ['Action', 'putdown'], ['Colour', 'any'], ['Shape', 'any'], ['PerZone', '2']]]",-551.0896856146709,2670,3.0,0.35,1.0
"['Norms', ['Obl', ['Moved', ['Colour', 'r'], ['Shape', 'any'], ['Zone', '1'], ['Next-Move', ['Colour', 'any'], ['Shape', 'any']]], ['Zone', '3']], ['Per', ['Action', 'putdown'], ['Colour', 'any'], ['Shape', 'any'], ['PerZone', '2']]]",-551.0896856146674,2179,4.0,0.35,1.0
"['Norms', ['Obl', ['Moved', ['Colour', 'r'], ['Shape', 'any'], ['Zone', '1'], ['Next-Move', ['Colour', 'any'], ['Shape', 'any']]], ['Zone', '2']], ['Per', ['Action', 'putdown'], ['Colour', 'any'], ['Shape', 'square'], ['PerZone', '3']]]",-549.1734429047351,2139,5.0,0.35,1.0
"['No-norm', 'true']",-549.9992915147618,15439,1.0,0.35,2.0
"['Norm', ['Obl', ['Moved', ['Colour', 'any'], ['Shape', 'circle'], ['Zone', '1'], ['Next-Move', ['Colour', 'any'], ['Shape', 'triangle']]], ['Zone', '2']]]",-553.4281710493023,4956,2.0,0.35,2.0
"['Norm', ['Obl', ['Moved', ['Colour', 'r'], ['Shape', 'any'], ['Zone', '1'], ['Next-Move', ['Colour', 'any'], ['Shape', 'triangle']]], ['Zone', '2']]]",-553.4281710492974,4362,3.0,0.35,2.0
"['Norm', ['Obl', ['Moved', ['Colour', 'r'], ['Shape', 'any'], ['Zone', '1'], ['Next-Move', ['Colour', 'b'], ['Shape', 'triangle']]], ['Zone', '2']]]",-554.5267833379314,1910,4.0,0.35,2.0
"['Norms', ['Obl', ['Moved', ['Colour', 'any'], ['Shape', 'circle'], ['Zone', '1'], ['Next-Move', ['Colour', 'any'], ['Shape', 'any']]], ['Zone', '2']], ['Per', ['Action', 'putdown'], ['Colour', 'any'], ['Shape', 'square'], ['PerZone', '3']]]",-552.4917305674113,1831,5.0,0.35,2.0
"['No-norm', 'true']",-549.9992915147384,13924,1.0,0.35,3.0
"['Norm', ['Obl', ['Moved', ['Colour', 'any'], ['Shape', 'circle'], ['Zone', '1'], ['Next-Move', ['Colour', 'any'], ['Shape', 'triangle']]], ['Zone', '2']]]",-553.4281710493136,7279,2.0,0.35,3.0
"['Norm', ['Obl', ['Moved', ['Colour', 'r'], ['Shape', 'any'], ['Zone', '1'], ['Next-Move', ['Colour', 'any'], ['Shape', 'triangle']]], ['Zone', '2']]]",-553.4281710493115,6689,3.0,0.35,3.0
"['Norm', ['Obl', ['Moved', ['Colour', 'any'], ['Shape', 'circle'], ['Zone', '1'], ['Next-Move', ['Colour', 'b'], ['Shape', 'triangle']]], ['Zone', '2']]]",-554.526783337904,2510,4.0,0.35,3.0
"['Norm', ['Obl', ['Moved', ['Colour', 'r'], ['Shape', 'circle'], ['Zone', '1'], ['Next-Move', ['Colour', 'any'], ['Shape', 'triangle']]], ['Zone', '2']]]",-554.5267833379074,2414,5.0,0.35,3.0
"['Norm', ['Obl', ['Moved', ['Colour', 'r'], ['Shape', 'any'], ['Zone', '1'], ['Next-Move', ['Colour', 'any'], ['Shape', 'any']]], ['Zone', '2']]]",-547.7490947712074,16156,1.0,0.4,1.0
"['Norm', ['Obl', ['Moved', ['Colour', 'any'], ['Shape', 'circle'], ['Zone', '1'], ['Next-Move', ['Colour', 'any'], ['Shape', 'any']]], ['Zone', '2']]]",-547.7490947712064,14902,2.0,0.4,1.0
"['Norm', ['Obl', ['Moved', ['Colour', 'r'], ['Shape', 'circle'], ['Zone', '1'], ['Next-Move', ['Colour', 'any'], ['Shape', 'any']]], ['Zone', '2']]]",-548.8477070597339,5303,3.0,0.4,1.0
"['No-norm', 'true']",-549.9992915145888,2849,4.0,0.4,1.0
"['Norms', ['Obl', ['Moved', ['Colour', 'r'], ['Shape', 'any'], ['Zone', '1'], ['Next-Move', ['Colour', 'any'], ['Shape', 'any']]], ['Zone', '2']], ['Per', ['Action', 'putdown'], ['Colour', 'any'], ['Shape', 'square'], ['PerZone', '3']]]",-545.7132329318569,977,5.0,0.4,1.0
"['No-norm', 'true']",-549.9992915147395,13989,1.0,0.4,2.0
"['Norms', ['Obl', ['Moved', ['Colour', 'any'], ['Shape', 'circle'], ['Zone', '1'], ['Next-Move', ['Colour', 'any'], ['Shape', 'any']]], ['Zone', '2']], ['Per', ['Action', 'putdown'], ['Colour', 'any'], ['Shape', 'square'], ['PerZone', '3']]]",-552.3262054266438,4522,2.0,0.4,2.0
"['Norms', ['Obl', ['Moved', ['Colour', 'r'], ['Shape', 'any'], ['Zone', '1'], ['Next-Move', ['Colour', 'any'], ['Shape', 'any']]], ['Zone', '2']], ['Per', ['Action', 'putdown'], ['Colour', 'any'], ['Shape', 'square'], ['PerZone', '3']]]",-552.3262054266434,4513,3.0,0.4,2.0
"['Norms', ['Obl', ['Moved', ['Colour', 'any'], ['Shape', 'any'], ['Zone', '1'], ['Next-Move', ['Colour', 'any'], ['Shape', 'any']]], ['Zone', '3']], ['Per', ['Action', 'putdown'], ['Colour', 'any'], ['Shape', 'any'], ['PerZone', '2']]]",-553.9233678055463,2541,4.0,0.4,2.0
"['Norms', ['Obl', ['Moved', ['Colour', 'r'], ['Shape', 'circle'], ['Zone', '1'], ['Next-Move', ['Colour', 'any'], ['Shape', 'any']]], ['Zone', '2']], ['Per', ['Action', 'putdown'], ['Colour', 'any'], ['Shape', 'square'], ['PerZone', '3']]]",-553.4248177153081,1441,5.0,0.4,2.0
"['Norm', ['Obl', ['Moved', ['Colour', 'r'], ['Shape', 'any'], ['Zone', '1'], ['Next-Move', ['Colour', 'any'], ['Shape', 'any']]], ['Zone', '2']]]",-549.9650197597566,6041,1.0,0.4,3.0
"['Norm', ['Obl', ['Moved', ['Colour', 'any'], ['Shape', 'circle'], ['Zone', '1'], ['Next-Move', ['Colour', 'any'], ['Shape', 'any']]], ['Zone', '2']]]",-549.9650197597606,5417,2.0,0.4,3.0
"['No-norm', 'true']",-549.9992915145675,3947,3.0,0.4,3.0
"['Norm', ['Obl', ['Moved', ['Colour', 'any'], ['Shape', 'circle'], ['Zone', '2'], ['Next-Move', ['Colour', 'g'], ['Shape', 'any']]], ['Zone', '1']]]",-552.8112944033445,3437,4.0,0.4,3.0
"['Norm', ['Obl', ['Moved', ['Colour', 'r'], ['Shape', 'any'], ['Zone', '2'], ['Next-Move', ['Colour', 'g'], ['Shape', 'any']]], ['Zone', '1']]]",-552.8112944033339,2822,5.0,0.4,3.0
"['No-norm', 'true']",-549.9992915147448,14304,1.0,0.45,1.0
"['Norms', ['Obl', ['Moved', ['Colour', 'r'], ['Shape', 'any'], ['Zone', '1'], ['Next-Move', ['Colour', 'any'], ['Shape', 'any']]], ['Zone', '2']], ['Per', ['Action', 'putdown'], ['Colour', 'any'], ['Shape', 'square'], ['PerZone', '3']]]",-549.0760559836771,5233,2.0,0.45,1.0
"['Norms', ['Obl', ['Moved', ['Colour', 'any'], ['Shape', 'circle'], ['Zone', '1'], ['Next-Move', ['Colour', 'any'], ['Shape', 'any']]], ['Zone', '2']], ['Per', ['Action', 'putdown'], ['Colour', 'any'], ['Shape', 'square'], ['PerZone', '3']]]",-549.0760559837171,3327,3.0,0.45,1.0
"['Norm', ['Obl', ['Moved', ['Colour', 'r'], ['Shape', 'any'], ['Zone', '1'], ['Next-Move', ['Colour', 'r'], ['Shape', 'any']]], ['Zone', '2']]]",-552.8070387565731,2231,4.0,0.45,1.0
"['Norm', ['Obl', ['Moved', ['Colour', 'r'], ['Shape', 'any'], ['Zone', '1'], ['Next-Move', ['Colour', 'any'], ['Shape', 'circle']]], ['Zone', '2']]]",-552.8070387565791,1716,5.0,0.45,1.0
"['No-norm', 'true']",-549.9992915148335,23108,1.0,0.45,2.0
"['Norm', ['Obl', ['Moved', ['Colour', 'any'], ['Shape', 'circle'], ['Zone', '1'], ['Next-Move', ['Colour', 'any'], ['Shape', 'triangle']]], ['Zone', '2']]]",-555.089421142251,1503,2.0,0.45,2.0
"['Norm', ['Obl', ['Moved', ['Colour', 'any'], ['Shape', 'circle'], ['Zone', '1'], ['Next-Move', ['Colour', 'b'], ['Shape', 'any']]], ['Zone', '2']]]",-555.2591321967387,1146,3.0,0.45,2.0
"['Norm', ['Obl', ['Moved', ['Colour', 'r'], ['Shape', 'any'], ['Zone', '1'], ['Next-Move', ['Colour', 'any'], ['Shape', 'triangle']]], ['Zone', '2']]]",-555.0894211422572,899,4.0,0.45,2.0
"['Norm', ['Obl', ['Moved', ['Colour', 'r'], ['Shape', 'any'], ['Zone', '1'], ['Next-Move', ['Colour', 'b'], ['Shape', 'any']]], ['Zone', '2']]]",-555.2591321967409,484,5.0,0.45,2.0
"['Norm', ['Obl', ['Moved', ['Colour', 'r'], ['Shape', 'any'], ['Zone', '1'], ['Next-Move', ['Colour', 'any'], ['Shape', 'any']]], ['Zone', '2']]]",-545.4835531773314,10195,1.0,0.45,3.0
"['Norm', ['Obl', ['Moved', ['Colour', 'any'], ['Shape', 'circle'], ['Zone', '1'], ['Next-Move', ['Colour', 'any'], ['Shape', 'any']]], ['Zone', '2']]]",-545.4835531772466,8187,2.0,0.45,3.0
"['Norm', ['Obl', ['Moved', ['Colour', 'r'], ['Shape', 'circle'], ['Zone', '1'], ['Next-Move', ['Colour', 'any'], ['Shape', 'any']]], ['Zone', '2']]]",-546.5821654659242,2926,3.0,0.45,3.0
"['No-norm', 'true']",-549.9992915146046,2364,4.0,0.45,3.0
"['Norm', ['Pro', ['Action', 'putdown'], ['Colour', 'g'], ['Shape', 'any'], ['Zone', '1']]]",-553.586472199387,1859,5.0,0.45,3.0
"['No-norm', 'true']",-549.9992915145411,7525,1.0,0.5,1.0
"['Norm', ['Obl', ['Moved', ['Colour', 'any'], ['Shape', 'circle'], ['Zone', '1'], ['Next-Move', ['Colour', 'any'], ['Shape', 'any']]], ['Zone', '2']]]",-551.3334698746577,6282,2.0,0.5,1.0
"['Norm', ['Obl', ['Moved', ['Colour', 'r'], ['Shape', 'any'], ['Zone', '1'], ['Next-Move', ['Colour', 'any'], ['Shape', 'any']]], ['Zone', '2']]]",-551.3334698746442,4467,3.0,0.5,1.0
"['Norm', ['Obl', ['Moved', ['Colour', 'r'], ['Shape', 'circle'], ['Zone', '1'], ['Next-Move', ['Colour', 'any'], ['Shape', 'any']]], ['Zone', '2']]]",-552.4320821632784,1630,4.0,0.5,1.0
"['Norm', ['Obl', ['Moved', ['Colour', 'any'], ['Shape', 'circle'], ['Zone', '1'], ['Next-Move', ['Colour', 'b'], ['Shape', 'any']]], ['Zone', '2']]]",-553.1252293438184,1167,5.0,0.5,1.0
"['Norms', ['Obl', ['Moved', ['Colour', 'r'], ['Shape', 'any'], ['Zone', '1'], ['Next-Move', ['Colour', 'any'], ['Shape', 'any']]], ['Zone', '2']], ['Per', ['Action', 'putdown'], ['Colour', 'b'], ['Shape', 'square'], ['PerZone', 'any']]]",-551.9212565394564,4032,1.0,0.5,2.0
"['Norm', ['Obl', ['Moved', ['Colour', 'r'], ['Shape', 'any'], ['Zone', '1'], ['Next-Move', ['Colour', 'any'], ['Shape', 'any']]], ['Zone', '2']]]",-552.9666243136752,4010,2.0,0.5,2.0
"['Norm', ['Pro', ['Action', 'putdown'], ['Colour', 'r'], ['Shape', 'any'], ['Zone', '3']]]",-552.3858680932908,3723,3.0,0.5,2.0
"['Norm', ['Obl', ['Moved', ['Colour', 'any'], ['Shape', 'circle'], ['Zone', '1'], ['Next-Move', ['Colour', 'any'], ['Shape', 'any']]], ['Zone', '2']]]",-552.9666243136805,3443,4.0,0.5,2.0
"['Norms', ['Obl', ['Moved', ['Colour', 'any'], ['Shape', 'circle'], ['Zone', '1'], ['Next-Move', ['Colour', 'any'], ['Shape', 'any']]], ['Zone', '2']], ['Per', ['Action', 'putdown'], ['Colour', 'b'], ['Shape', 'square'], ['PerZone', 'any']]]",-551.9212565394738,2899,5.0,0.5,2.0
"['No-norm', 'true']",-549.9992915148148,20445,1.0,0.5,3.0
"['Norm', ['Obl', ['Moved', ['Colour', 'any'], ['Shape', 'circle'], ['Zone', '2'], ['Next-Move', ['Colour', 'r'], ['Shape', 'any']]], ['Zone', '3']]]",-555.2046708854862,1798,2.0,0.5,3.0
"['Norm', ['Obl', ['Moved', ['Colour', 'r'], ['Shape', 'any'], ['Zone', '2'], ['Next-Move', ['Colour', 'any'], ['Shape', 'circle']]], ['Zone', '3']]]",-555.2046708854909,1506,3.0,0.5,3.0
"['Norm', ['Obl', ['Moved', ['Colour', 'any'], ['Shape', 'circle'], ['Zone', '2'], ['Next-Move', ['Colour', 'any'], ['Shape', 'circle']]], ['Zone', '3']]]",-555.2046708854917,1463,4.0,0.5,3.0
"['Norm', ['Obl', ['Moved', ['Colour', 'r'], ['Shape', 'any'], ['Zone', '2'], ['Next-Move', ['Colour', 'r'], ['Shape', 'any']]], ['Zone', '3']]]",-555.2046708855,1152,5.0,0.5,3.0
"['Norm', ['Obl', ['Moved', ['Colour', 'r'], ['Shape', 'any'], ['Zone', '1'], ['Next-Move', ['Colour', 'any'], ['Shape', 'any']]], ['Zone', '2']]]",-550.2211897579249,7641,1.0,0.55,1.0
"['Norm', ['Obl', ['Moved', ['Colour', 'any'], ['Shape', 'circle'], ['Zone', '1'], ['Next-Move', ['Colour', 'any'], ['Shape', 'any']]], ['Zone', '2']]]",-550.2211897579249,7641,1.0,0.55,1.0
"['Norm', ['Pro', ['Action', 'putdown'], ['Colour', 'g'], ['Shape', 'any'], ['Zone', '1']]]",-552.2921329990616,3947,2.0,0.55,1.0
"['No-norm', 'true']",-549.99929151457,3775,3.0,0.55,1.0
"['Norm', ['Obl', ['Moved', ['Colour', 'r'], ['Shape', 'circle'], ['Zone', '1'], ['Next-Move', ['Colour', 'any'], ['Shape', 'any']]], ['Zone', '2']]]",-551.319802046733,2656,4.0,0.55,1.0
"['No-norm', 'true']",-549.9992915146407,9890,1.0,0.55,2.0
"['Norm', ['Obl', ['Moved', ['Colour', 'any'], ['Shape', 'circle'], ['Zone', '1'], ['Next-Move', ['Colour', 'any'], ['Shape', 'any']]], ['Zone', '2']]]",-553.4304591889303,3204,2.0,0.55,2.0
"['Norm', ['Obl', ['Moved', ['Colour', 'r'], ['Shape', 'any'], ['Zone', '1'], ['Next-Move', ['Colour', 'any'], ['Shape', 'any']]], ['Zone', '2']]]",-553.4304591889302,3198,3.0,0.55,2.0
"['Norm', ['Obl', ['Moved', ['Colour', 'r'], ['Shape', 'any'], ['Zone', '1'], ['Next-Move', ['Colour', 'b'], ['Shape', 'any']]], ['Zone', '2']]]",-553.8175832156511,2419,4.0,0.55,2.0
"['Norm', ['Obl', ['Moved', ['Colour', 'any'], ['Shape', 'circle'], ['Zone', '1'], ['Next-Move', ['Colour', 'b'], ['Shape', 'any']]], ['Zone', '2']]]",-553.817583215651,2363,5.0,0.55,2.0
"['No-norm', 'true']",-549.9992915147626,15495,1.0,0.55,3.0
"['Norm', ['Pro', ['Action', 'putdown'], ['Colour', 'any'], ['Shape', 'triangle'], ['Zone', '3']]]",-553.0929108438723,6060,2.0,0.55,3.0
"['Norm', ['Pro', ['Action', 'putdown'], ['Colour', 'b'], ['Shape', 'triangle'], ['Zone', '3']]]",-554.1915231324914,1977,3.0,0.55,3.0
"['Norms', ['Pro', ['Action', 'putdown'], ['Colour', 'b'], ['Shape', 'any'], ['Zone', '3']], ['Per', ['Action', 'putdown'], ['Colour', 'any'], ['Shape', 'square'], ['PerZone', 'any']]]",-556.2709646741793,490,4.0,0.55,3.0
"['Norms', ['Obl', ['Next-Move', ['Colour', 'any'], ['Shape', 'triangle']], ['Zone', '1']], ['Per', ['Action', 'putdown'], ['Colour', 'any'], ['Shape', 'any'], ['PerZone', '2']]]",-556.6764297822876,426,5.0,0.55,3.0
